{
  "allData" : [
    {
      "noOfElements": 4,
      "modalShapes": [[0.043791899231409012,-0.22398815548184739,-0.94633391119617594,1,1],[-1,0.25889714102228673,-0.49843166519991439,-0.0985110482125443,-0.0985110482125443],[1,-0.24954771936080172,-0.505949085586135,-0.45133244503664227,-0.45133244503664227],[-1,-0.24731766047778975,0.63611938406945057,-0.64195551612698809,-0.64195551612698809],[1,0.26726911880393417,0.52866972019119807,0.022064922670223343,0.022064922670223343],[-1,-0.04345043571218217,0.36015241169319945,0.024876655245735964,0.024876655245735964]],
    }
  ]
}
