{"deformedRedundCoord_1":[[0,4.952782586576518,5.0075334869373274,9.9253880886225989,9.9917816506138237,15],[0,7.5225613348413507,0.06878955013858834,7.4591756665227038,-0.013857874553907764,0]],"deformedRedundCoord_2":[[0,4.9055651731530352,5.0150669738746556,9.8507761772451978,9.98356330122765,15],[0,7.5451226696827014,0.13757910027717668,7.4183513330454076,-0.027715749107815529,0]],"deformedRedundCoord_3":[[0,4.8583477597295532,5.022600460811983,9.7761642658677967,9.975344951841473,15],[0,7.5676840045240521,0.20636865041576508,7.3775269995681105,-0.041573623661723305,0]],"deformedRedundCoord_4":[[0,4.81113034630607,5.03013394774931,9.7015523544903957,9.9671266024552985,15],[0,7.5902453393654028,0.27515820055435336,7.3367026660908143,-0.055431498215631057,0]],"deformedRedundCoord_5":[[0,4.7639129328825884,5.0376674346866377,9.6269404431129946,9.9589082530691222,15],[0,7.6128066742067535,0.34394775069294181,7.2958783326135181,-0.06928937276953881,0]],"deformedRedundCoord_6":[[0,4.7166955194591065,5.0452009216239659,9.5523285317355935,9.9506899036829459,15],[0,7.6353680090481042,0.41273730083153015,7.255053999136222,-0.08314724732344661,0]],"deformedRedundCoord_7":[[0,4.6694781060356236,5.0527344085612933,9.4777166203581942,9.9424715542967714,15],[0,7.6579293438894549,0.48152685097011838,7.2142296656589249,-0.097005121877354439,0]],"deformedRedundCoord_8":[[0,4.6222606926121417,5.0602678954986207,9.4031047089807931,9.9342532049105952,15],[0,7.6804906787308056,0.55031640110870672,7.1734053321816287,-0.11086299643126211,0]],"deformedRedundCoord_9":[[0,4.5750432791886588,5.0678013824359489,9.328492797603392,9.92603485552442,15],[0,7.7030520135721563,0.61910595124729506,7.1325809987043325,-0.1247208709851699,0]],"deformedRedundCoord_10":[[0,4.5278258657651769,5.0753348693732763,9.2538808862259909,9.9178165061382444,15],[0,7.725613348413507,0.68789550138588362,7.0917566652270363,-0.13857874553907762,0]],"deformedRedundCoord_11":[[0,4.480608452341694,5.0828683563106036,9.17926897484859,9.9095981567520681,15],[0,7.7481746832548577,0.75668505152447185,7.0509323317497392,-0.15243662009298545,0]],"deformedRedundCoord_12":[[0,4.4333910389182121,5.0904018432479319,9.1046570634711887,9.9013798073658936,15],[0,7.7707360180962084,0.8254746016630603,7.010107998272443,-0.16629449464689322,0]],"deformedRedundCoord_13":[[0,4.3861736254947292,5.0979353301852592,9.0300451520937877,9.8931614579797174,15],[0,7.7932973529375591,0.89426415180164853,6.9692836647951468,-0.18015236920080091,0]],"deformedRedundCoord_14":[[0,4.3389562120712473,5.1054688171225866,8.9554332407163866,9.8849431085935411,15],[0,7.81585868777891,0.96305370194023676,6.92845933131785,-0.19401024375470888,0]],"deformedRedundCoord_15":[[0,4.2917387986477653,5.113002304059914,8.8808213293389855,9.8767247592073666,15],[0,7.8384200226202605,1.0318432520788252,6.8876349978405536,-0.20786811830861643,0]],"deformedRedundCoord_16":[[0,4.2445213852242825,5.1205357909972422,8.8062094179615844,9.86850640982119,15],[0,7.8609813574616112,1.1006328022174134,6.8468106643632574,-0.22172599286252423,0]],"deformedRedundCoord_17":[[0,4.1973039718008005,5.12806927793457,8.7315975065841833,9.8602880604350158,15],[0,7.8835426923029619,1.1694223523560019,6.8059863308859612,-0.23558386741643203,0]],"deformedRedundCoord_18":[[0,4.1500865583773177,5.1356027648718969,8.6569855952067822,9.85206971104884,15],[0,7.9061040271443117,1.2382119024945901,6.765161997408665,-0.2494417419703398,0]],"deformedRedundCoord_19":[[0,4.1028691449538357,5.1431362518092252,8.5823736838293812,9.8438513616626633,15],[0,7.9286653619856633,1.3070014526331786,6.7243376639313688,-0.2632996165242476,0]],"deformedRedundCoord_20":[[0,4.0556517315303529,5.1506697387465525,8.50776177245198,9.8356330122764888,15],[0,7.951226696827014,1.3757910027717672,6.6835133304540717,-0.27715749107815524,0]]}