{"deformedBasicCoord_1":[[0,5.1453349376768358,5.0058112505811252,10.11627868477121,10.017433751743376,15],[0,7.4787727930161685,-0.021227206983831782,7.5018563717134148,-0.030831912805413458,0]],"deformedBasicCoord_2":[[0,5.2906698753536716,5.01162250116225,10.232557369542421,10.034867503486751,15],[0,7.4575455860323361,-0.042454413967663564,7.50371274342683,-0.061663825610826915,0]],"deformedBasicCoord_3":[[0,5.4360048130305074,5.0174337517433756,10.348836054313631,10.052301255230125,15],[0,7.4363183790485046,-0.063681620951495335,7.5055691151402453,-0.09249573841624037,0]],"deformedBasicCoord_4":[[0,5.5813397507073432,5.0232450023245,10.465114739084843,10.0697350069735,15],[0,7.4150911720646731,-0.084908827935327127,7.50742548685366,-0.12332765122165383,0]],"deformedBasicCoord_5":[[0,5.726674688384179,5.0290562529056251,10.581393423856053,10.087168758716876,15],[0,7.3938639650808407,-0.10613603491915891,7.5092818585670749,-0.15415956402706732,0]],"deformedBasicCoord_6":[[0,5.8720096260610148,5.03486750348675,10.697672108627264,10.104602510460252,15],[0,7.3726367580970091,-0.12736324190299067,7.51113823028049,-0.18499147683248074,0]],"deformedBasicCoord_7":[[0,6.0173445637378506,5.0406787540678755,10.813950793398474,10.122036262203626,15],[0,7.3514095511131776,-0.14859044888682249,7.5129946019939045,-0.21582338963789421,0]],"deformedBasicCoord_8":[[0,6.1626795014146873,5.0464900046490007,10.930229478169686,10.139470013947001,15],[0,7.3301823441293461,-0.16981765587065425,7.51485097370732,-0.24665530244330766,0]],"deformedBasicCoord_9":[[0,6.3080144390915232,5.0523012552301259,11.046508162940896,10.156903765690377,15],[0,7.3089551371455137,-0.19104486285448605,7.5167073454207349,-0.27748721524872122,0]],"deformedBasicCoord_10":[[0,6.453349376768359,5.05811250581125,11.162786847712105,10.174337517433752,15],[0,7.2877279301616822,-0.21227206983831781,7.51856371713415,-0.30831912805413464,0]],"deformedBasicCoord_11":[[0,6.5986843144451948,5.0639237563923754,11.279065532483317,10.191771269177126,15],[0,7.2665007231778507,-0.2334992768221496,7.5204200888475645,-0.33915104085954806,0]],"deformedBasicCoord_12":[[0,6.7440192521220306,5.0697350069735005,11.395344217254527,10.209205020920502,15],[0,7.2452735161940183,-0.25472648380598134,7.5222764605609793,-0.36998295366496148,0]],"deformedBasicCoord_13":[[0,6.8893541897988664,5.0755462575546257,11.511622902025739,10.226638772663877,15],[0,7.2240463092101868,-0.27595369078981313,7.524132832274395,-0.4008148664703749,0]],"deformedBasicCoord_14":[[0,7.0346891274757022,5.0813575081357509,11.627901586796948,10.244072524407253,15],[0,7.2028191022263552,-0.297180897773645,7.52598920398781,-0.43164677927578843,0]],"deformedBasicCoord_15":[[0,7.180024065152538,5.0871687587168761,11.744180271568158,10.261506276150627,15],[0,7.1815918952425228,-0.31840810475747666,7.5278455757012246,-0.46247869208120185,0]],"deformedBasicCoord_16":[[0,7.3253590028293747,5.092980009298,11.86045895633937,10.278940027894002,15],[0,7.1603646882586913,-0.33963531174130851,7.5297019474146394,-0.49331060488661532,0]],"deformedBasicCoord_17":[[0,7.4706939405062105,5.0987912598791256,11.976737641110581,10.296373779637378,15],[0,7.13913748127486,-0.3608625187251403,7.5315583191280542,-0.52414251769202891,0]],"deformedBasicCoord_18":[[0,7.6160288781830463,5.1046025104602508,12.093016325881791,10.313807531380753,15],[0,7.1179102742910274,-0.38208972570897209,7.533414690841469,-0.55497443049744244,0]],"deformedBasicCoord_19":[[0,7.7613638158598821,5.110413761041376,12.209295010653001,10.331241283124127,15],[0,7.0966830673071959,-0.40331693269280383,7.5352710625548847,-0.58580634330285575,0]],"deformedBasicCoord_20":[[0,7.9066987535367179,5.1162250116225012,12.325573695424213,10.348675034867503,15],[0,7.0754558603233644,-0.42454413967663562,7.5371274342682995,-0.61663825610826928,0]]}