{"Freq_1":[1101.6573374532911,1101.6573374532911],"Freq_2":[550.3286687266459,550.3286687266459,550.32798852886356],"Freq_3":[347.69086650492858,347.69086650492858,388.84775934669864,366.5512366037288],"Freq_4":[255.46466576784334,255.46466576784334,274.66399426443189,297.64270138643019,274.662633920644],"Freq_5":[202.30391997787098,202.30391997787098,212.26282651782938,227.66827276339194,239.23232516280163,219.52929093629143],"Freq_6":[167.57640366201352,167.57640366201352,173.34521815503942,182.77561830186445,193.9229177650322,199.0361081727533,182.7735778034247],"Freq_7":[143.05883945633454,143.05883945633454,146.68749500159075,152.71785386226807,160.65487593354112,168.35044768671611,169.90335070422603,156.51936744516863],"Freq_8":[124.80461115843561,124.80461115843561,127.23217467820258,131.28898499683129,136.83131696032197,143.1833610331999,148.319692747586,147.92837562977414,136.82859632372964],"Freq_9":[110.67599758698215,110.67599758698215,112.37887620851623,115.22990644792336,119.18513967200192,124.00518480613398,128.94754306771517,132.25085873734528,130.81805530181578,121.51345136261861],"Freq_10":[99.411683773315275,99.411683773315275,100.65183457656063,102.72908246075278,105.63088705533491,109.26464546814576,113.3328669062941,117.1039633409767,119.11379162221345,117.14834896236117,109.26124471655032],"Freq_11":[90.2183261595497,90.2183261595497,91.1493089325482,92.708546988904757,94.893871332599673,97.667377164411036,100.90017401545391,104.26962884228423,107.09894011816378,108.20219348188527,105.99346184063266,99.2366295749675],"Freq_12":[82.57148082656802,82.57148082656802,83.28809784104358,84.487940674158622,86.1721788990427,88.324930818887154,90.88678890171235,93.706254157780037,96.45953510193246,98.544619708500974,99.014969357309042,96.7280370252093,90.882708064494722],"Freq_13":[76.110358924321631,76.110358924321631,76.673689804500285,77.616532560628912,78.9409389073333,80.640395318812551,82.686237676618234,85.003291524904725,87.4291708512563,89.654440478896646,91.157032981734787,91.187291874920732,88.91574059546322,83.81393550381631],"Freq_14":[70.578501281480868,70.578501281480868,71.02933086238825,71.783598170542632,72.843383097444757,74.206293189775224,75.858073550680587,77.7596837225843,79.825842523222235,81.89221547652761,83.672612313602968,84.721761288609542,84.4478803084375,82.243558600834774,77.75492283504245],"Freq_15":[65.78855206453791,65.78855206453791,66.154953288664316,66.767750375503766,67.62878160711054,68.7374850140607,70.086673372470642,71.6553254320135,73.396783200873116,75.220500772184337,76.966473841142133,78.375943207672037,79.073226779595956,78.591342399606432,76.481491966614882,72.503718082622967],"Freq_16":[61.600420867460791,61.600420867460791,61.902227973950382,62.406830942959147,63.115770939705932,64.029279544625254,65.143758082528592,66.447574796966279,67.914298161864821,69.492255188616667,71.089457084996,72.554297919693965,73.656530612263126,74.081349693335312,73.459686582691518,71.456969605324218,67.908857265085672],"Freq_17":[57.907243678163617,57.907243678163617,58.1587916042638,58.579243246014471,59.169861957424963,59.931193529632395,60.86150596068169,61.954242401674939,63.193991229253214,64.550319394865284,65.9687768818638,67.358770686385753,68.579461621257366,69.42828525447851,69.642513936278675,68.929649263209711,67.038110060334915,63.85451498501245],"Freq_18":[54.626072568565917,54.626072568565917,54.8379299037615,55.191949687005035,55.689158353813461,56.330193748988826,57.114307961698486,58.037770365514078,59.091383675641808,60.256725681309291,61.500664715457518,62.7677876218145,63.970885946188091,64.981019123342449,65.62140197595518,65.673218959030649,64.903824025160688,63.122477763492959,60.250604822374576],"Freq_19":[51.691532912644369,51.691532912644369,51.871629750697842,52.172508388450233,52.595001008994267,53.139737018629589,53.806487605128659,54.593134043303557,55.494088767611323,56.497936004332608,57.584005353756147,58.7175952032481,59.843732094973944,60.879891425785821,61.709306512821307,62.178550756343931,62.10549318667897,61.304338191088817,59.629350501580788,57.026005919411176],"Freq_20":[49.0513993415719,49.0513993415719,49.205779945560913,49.463643754924846,49.825666473076737,50.292426913534442,50.863965367721491,51.539099197858363,52.314391140228963,53.182627117788478,54.130622358275183,55.136157283861863,56.163894601675352,57.1603381761216,58.0484120796702,58.723235141248416,59.052154220758986,58.883508332921025,58.068271705858145,56.494288754395832,54.123821590071039],"Freq_21":[46.663445227940485,46.663445227940485,46.796781634289744,47.019455171962406,47.332016395104553,47.734979308738055,48.228517176662088,48.81199767157112,49.483291897093807,50.23776751981152,51.066850536464415,51.956021646112454,52.882122365846413,53.809924762207174,54.688139988481787,55.445506676600289,55.988393430818448,56.202382574510352,55.961037173697385,55.144289363967111,53.665249083235018,51.497992612469261],"Freq_22":[44.493157258753833,44.493157258753833,44.609106809798469,44.802713214547261,45.074427097552615,45.424696514219939,45.853753261829389,46.361290430764861,46.945989247223665,47.604837789939552,48.332167046273135,49.118314787483747,49.947824234005196,50.797111896518118,51.631632737057004,52.402785723824707,53.045202764842465,53.475673075066545,53.595640921893946,53.299517661115267,52.490131704651695,51.09975485227676,49.1108341688409],"Freq_23":[42.512049903854574,42.512049903854574,42.613508643581035,42.782894983588754,43.02057963769839,43.326949312527141,43.702253915666816,44.146378611398596,44.6585132821643,45.23668194801877,45.877083317657274,46.5731825928526,47.31448828870203,48.08495542098342,48.860995289103187,49.609170738197015,50.283853039127905,50.825447436039283,51.160247035267268,51.203405755644191,50.866561064684795,50.070722517207194,48.762804651243854,46.931215322905878],"Freq_24":[40.696403654277567,40.696403654277567,40.78568886042779,40.934732424245048,41.14384094851124,41.413346528474072,41.743495741996561,42.13428573559267,42.585229108689596,43.095022721126256,43.661087942079945,44.278941995818137,44.941354032247368,45.637239870672822,46.350264663728858,47.057167719507248,47.725920255957959,48.31400056232787,48.7673365344381,49.020791061359375,49.00131588720572,48.634790250922471,47.856725109197129,46.625304232195013,44.933193627896088]}