{"deformedCoord_1":[[0,0],[5.1453349376768358,7.4787727930161685],[5.0058112505811252,-0.021227206983831782],[10.11627868477121,7.5018563717134148],[10.017433751743376,-0.030831912805413458],[15,0]],"deformedCoord_2":[[0,0],[5.2906698753536716,7.4575455860323361],[5.01162250116225,-0.042454413967663564],[10.232557369542421,7.50371274342683],[10.034867503486751,-0.061663825610826915],[15,0]],"deformedCoord_3":[[0,0],[5.4360048130305074,7.4363183790485046],[5.0174337517433756,-0.063681620951495335],[10.348836054313631,7.5055691151402453],[10.052301255230125,-0.09249573841624037],[15,0]],"deformedCoord_4":[[0,0],[5.5813397507073432,7.4150911720646731],[5.0232450023245,-0.084908827935327127],[10.465114739084843,7.50742548685366],[10.0697350069735,-0.12332765122165383],[15,0]],"deformedCoord_5":[[0,0],[5.726674688384179,7.3938639650808407],[5.0290562529056251,-0.10613603491915891],[10.581393423856053,7.5092818585670749],[10.087168758716876,-0.15415956402706732],[15,0]],"deformedCoord_6":[[0,0],[5.8720096260610148,7.3726367580970091],[5.03486750348675,-0.12736324190299067],[10.697672108627264,7.51113823028049],[10.104602510460252,-0.18499147683248074],[15,0]],"deformedCoord_7":[[0,0],[6.0173445637378506,7.3514095511131776],[5.0406787540678755,-0.14859044888682249],[10.813950793398474,7.5129946019939045],[10.122036262203626,-0.21582338963789421],[15,0]],"deformedCoord_8":[[0,0],[6.1626795014146873,7.3301823441293461],[5.0464900046490007,-0.16981765587065425],[10.930229478169686,7.51485097370732],[10.139470013947001,-0.24665530244330766],[15,0]],"deformedCoord_9":[[0,0],[6.3080144390915232,7.3089551371455137],[5.0523012552301259,-0.19104486285448605],[11.046508162940896,7.5167073454207349],[10.156903765690377,-0.27748721524872122],[15,0]],"deformedCoord_10":[[0,0],[6.453349376768359,7.2877279301616822],[5.05811250581125,-0.21227206983831781],[11.162786847712105,7.51856371713415],[10.174337517433752,-0.30831912805413464],[15,0]],"deformedCoord_11":[[0,0],[6.5986843144451948,7.2665007231778507],[5.0639237563923754,-0.2334992768221496],[11.279065532483317,7.5204200888475645],[10.191771269177126,-0.33915104085954806],[15,0]],"deformedCoord_12":[[0,0],[6.7440192521220306,7.2452735161940183],[5.0697350069735005,-0.25472648380598134],[11.395344217254527,7.5222764605609793],[10.209205020920502,-0.36998295366496148],[15,0]],"deformedCoord_13":[[0,0],[6.8893541897988664,7.2240463092101868],[5.0755462575546257,-0.27595369078981313],[11.511622902025739,7.524132832274395],[10.226638772663877,-0.4008148664703749],[15,0]],"deformedCoord_14":[[0,0],[7.0346891274757022,7.2028191022263552],[5.0813575081357509,-0.297180897773645],[11.627901586796948,7.52598920398781],[10.244072524407253,-0.43164677927578843],[15,0]],"deformedCoord_15":[[0,0],[7.180024065152538,7.1815918952425228],[5.0871687587168761,-0.31840810475747666],[11.744180271568158,7.5278455757012246],[10.261506276150627,-0.46247869208120185],[15,0]],"deformedCoord_16":[[0,0],[7.3253590028293747,7.1603646882586913],[5.092980009298,-0.33963531174130851],[11.86045895633937,7.5297019474146394],[10.278940027894002,-0.49331060488661532],[15,0]],"deformedCoord_17":[[0,0],[7.4706939405062105,7.13913748127486],[5.0987912598791256,-0.3608625187251403],[11.976737641110581,7.5315583191280542],[10.296373779637378,-0.52414251769202891],[15,0]],"deformedCoord_18":[[0,0],[7.6160288781830463,7.1179102742910274],[5.1046025104602508,-0.38208972570897209],[12.093016325881791,7.533414690841469],[10.313807531380753,-0.55497443049744244],[15,0]],"deformedCoord_19":[[0,0],[7.7613638158598821,7.0966830673071959],[5.110413761041376,-0.40331693269280383],[12.209295010653001,7.5352710625548847],[10.331241283124127,-0.58580634330285575],[15,0]],"deformedCoord_20":[[0,0],[7.9066987535367179,7.0754558603233644],[5.1162250116225012,-0.42454413967663562],[12.325573695424213,7.5371274342682995],[10.348675034867503,-0.61663825610826928],[15,0]]}