{"deformedCoord_1":[[0,5.1491209456126965,5.006618670365178,10.109408923421629,10.007909456087635,15],[0,7.4762487877255941,0.00022426861783891348,7.4594451550799983,-0.081955933065414446,0]],"deformedCoord_2":[[0,5.298241891225393,5.0132373407303561,10.218817846843258,10.01581891217527,15],[0,7.4524975754511891,0.00044853723567782696,7.4188903101599957,-0.16391186613082889,0]],"deformedCoord_3":[[0,5.44736283683809,5.0198560110955333,10.328226770264889,10.023728368262905,15],[0,7.4287463631767832,0.000672805853516784,7.378335465239994,-0.24586779919624333,0]],"deformedCoord_4":[[0,5.5964837824507869,5.0264746814607113,10.437635693686518,10.03163782435054,15],[0,7.4049951509023773,0.00089707447135565393,7.3377806203199913,-0.32782373226165779,0]],"deformedCoord_5":[[0,5.7456047280634834,5.0330933518258893,10.547044617108147,10.039547280438175,15],[0,7.3812439386279722,0.0011213430891945891,7.29722577539999,-0.40977966532707222,0]],"deformedCoord_6":[[0,5.89472567367618,5.0397120221910674,10.656453540529776,10.047456736525808,15],[0,7.3574927263535663,0.001345611707033568,7.2566709304799879,-0.49173559839248665,0]],"deformedCoord_7":[[0,6.0438466192888765,5.0463306925562454,10.765862463951406,10.055366192613443,15],[0,7.33374151407916,0.0015698803248724597,7.2161160855599853,-0.57369153145790108,0]],"deformedCoord_8":[[0,6.1929675649015739,5.0529493629214235,10.875271387373035,10.063275648701078,15],[0,7.3099903018047554,0.0017941489427113079,7.1755612406399836,-0.65564746452331557,0]],"deformedCoord_9":[[0,6.34208851051427,5.0595680332866007,10.984680310794666,10.071185104788713,15],[0,7.2862390895303495,0.0020184175605502926,7.1350063957199819,-0.73760339758873006,0]],"deformedCoord_10":[[0,6.4912094561269669,5.0661867036517787,11.094089234216295,10.079094560876348,15],[0,7.2624878772559436,0.0022426861783891782,7.0944515507999792,-0.81955933065414444,0]],"deformedCoord_11":[[0,6.6403304017396643,5.0728053740169567,11.203498157637924,10.087004016963983,15],[0,7.2387366649815386,0.0024669547962282703,7.0538967058799775,-0.9015152637195587,0]],"deformedCoord_12":[[0,6.7894513473523608,5.0794240443821348,11.312907081059553,10.094913473051617,15],[0,7.2149854527071327,0.002691223414067136,7.0133418609599758,-0.9834711967849733,0]],"deformedCoord_13":[[0,6.9385722929650573,5.0860427147473128,11.422316004481182,10.102822929139252,15],[0,7.1912342404327276,0.0029154920319060538,6.9727870160399732,-1.0654271298503877,0]],"deformedCoord_14":[[0,7.0876932385777538,5.09266138511249,11.531724927902811,10.110732385226887,15],[0,7.1674830281583217,0.0031397606497449194,6.9322321711199715,-1.1473830629158022,0]],"deformedCoord_15":[[0,7.23681418419045,5.099280055477668,11.64113385132444,10.118641841314522,15],[0,7.1437318158839158,0.003364029267583773,6.8916773261999689,-1.2293389959812167,0]],"deformedCoord_16":[[0,7.3859351298031468,5.1058987258428461,11.750542774746069,10.126551297402155,15],[0,7.11998060360951,0.0035882978854226157,6.8511224812799671,-1.3112949290466311,0]],"deformedCoord_17":[[0,7.5350560754158442,5.1125173962080241,11.8599516981677,10.13446075348979,15],[0,7.0962293913351049,0.0038125665032617191,6.8105676363599654,-1.3932508621120454,0]],"deformedCoord_18":[[0,7.6841770210285407,5.1191360665732022,11.969360621589329,10.142370209577425,15],[0,7.072478179060699,0.0040368351211005852,6.7700127914399628,-1.4752067951774601,0]],"deformedCoord_19":[[0,7.8332979666412381,5.12575473693838,12.078769545010958,10.15027966566506,15],[0,7.048726966786294,0.004261103738939666,6.7294579465199611,-1.5571627282428742,0]],"deformedCoord_20":[[0,7.9824189122539337,5.1323734073035574,12.188178468432588,10.158189121752695,15],[0,7.024975754511888,0.0044853723567783565,6.6889031015999594,-1.6391186613082889,0]]}